atribut 1,atribut 2,atribut 3,atribut 4,kelas
8.400,54.375,13.600,13.500,0
10.800,67.500,14.400,22.200,1
21.600,62.500,13.600,20.700,1
10.800,46.875,9.000,16.800,0
10.800,58.750,14.200,13.500,0
21.600,61.875,11.200,18.300,1
6.000,54.375,14.200,18.300,0
7.800,45.000,10.200,21.600,0
21.000,42.500,14.600,18.300,0
6.000,58.750,12.800,21.300,0
20.400,73.125,10.800,21.600,1
6.600,67.500,14.800,21.000,0
10.800,39.375,10.600,23.100,0
10.200,53.125,12.400,19.200,0
7.200,54.375,10.800,18.600,0
21.600,73.125,14.800,21.900,1
18.600,70.625,8.800,18.600,1
6.600,45.000,15.000,21.000,0
10.800,55.625,11.600,19.200,0
7.200,33.750,14.000,23.700,0
19.200,49.375,8.800,21.000,1
19.200,72.500,11.600,21.000,1
6.600,60.625,13.200,15.000,0
8.400,55.625,9.800,12.600,0
12.000,53.750,10.200,20.100,0
14.400,40.000,13.800,16.200,0
21.600,80.000,10.800,24.000,1
21.000,38.750,12.400,21.600,0
6.600,35.625,11.600,19.800,0
18.000,80.625,11.800,24.000,1
7.200,45.625,13.000,12.600,0
6.600,44.375,9.400,12.600,0
12.000,52.500,8.000,20.400,0
7.200,45.000,11.800,18.000,0
23.400,79.375,10.800,22.200,1
20.400,78.125,8.600,21.600,1
12.000,43.750,10.200,15.600,0
23.400,66.875,15.600,19.200,1
18.600,79.375,10.400,21.300,1
21.600,41.250,13.000,18.000,0
23.400,60.625,14.200,20.100,1
20.400,56.250,16.000,20.400,1
11.400,70.000,9.600,15.600,1
23.400,71.250,14.800,19.800,1
19.200,81.250,9.800,19.800,1
11.400,69.375,14.200,21.300,1
19.800,52.500,8.400,18.000,1
7.200,66.875,11.000,18.900,0
6.600,48.750,8.200,17.400,0
8.400,35.625,13.400,13.500,0
22.800,51.875,11.000,20.700,1
9.000,67.500,15.400,21.300,1
19.200,61.250,8.000,21.300,1
20.400,63.750,8.600,21.600,1
6.600,37.500,11.800,22.800,0
12.000,34.375,13.800,14.400,0
7.200,59.375,13.000,20.400,0
11.400,63.125,13.400,15.600,0
19.200,71.250,13.200,21.900,1
19.800,78.750,8.800,23.400,1
19.800,41.875,11.000,22.500,0
12.000,33.750,9.600,22.500,0
21.600,74.375,10.600,20.100,1
22.200,65.625,14.600,21.600,1
11.400,70.000,10.200,23.700,1
10.800,60.000,15.000,21.000,0
7.800,32.500,11.600,21.000,0
12.000,47.500,15.800,12.300,0
19.800,68.750,10.600,22.500,1
21.600,75.625,14.800,22.500,1
18.600,46.875,12.800,20.700,0
19.200,80.000,14.800,19.500,1
10.200,59.375,11.000,15.000,0
24.000,80.625,12.200,18.900,1
7.200,46.250,15.600,16.500,0
20.400,78.125,10.200,18.600,1
19.200,47.500,9.400,18.900,0
9.600,66.875,14.200,17.700,1
7.200,38.750,12.600,19.500,0
20.400,46.250,9.600,21.300,0
11.400,57.500,13.400,17.100,0
9.600,32.500,10.200,18.000,0
7.200,57.500,10.800,16.200,0
18.000,48.750,11.600,20.100,0
9.000,43.750,8.000,20.700,0
24.000,58.125,12.600,21.600,1
23.400,67.500,9.600,20.100,1
9.600,55.625,13.600,16.800,0
10.800,43.750,12.000,20.100,0
22.800,75.000,10.400,23.700,1
21.600,53.125,9.000,21.000,1
6.600,42.500,8.800,19.800,0
19.200,45.000,11.600,21.000,0
22.200,71.875,10.600,19.500,1
10.800,36.250,11.200,21.900,0
22.800,50.000,14.000,20.100,1
10.200,42.500,11.200,22.800,0
10.800,43.125,12.200,23.400,0
6.600,33.750,8.000,23.100,0
7.200,56.875,12.000,21.900,0
6.600,44.375,11.200,13.500,0
21.600,56.250,15.600,18.300,1
18.600,75.000,10.400,18.600,1
7.200,41.250,13.200,20.100,0
7.800,57.500,11.400,13.500,0
10.200,36.875,9.400,13.200,0
21.600,50.625,9.800,18.600,1
10.800,54.375,13.200,18.300,0
12.000,51.250,15.000,13.200,0
24.000,45.625,10.400,20.700,1
10.200,66.250,14.400,18.000,1
9.600,55.000,9.400,23.100,0
11.400,34.375,11.200,16.200,0
6.000,48.750,11.800,17.700,0
7.800,56.250,10.800,14.700,0
11.400,33.750,14.600,17.100,0
9.000,41.875,11.800,23.100,0
19.800,58.125,8.800,23.700,1
9.600,34.375,11.800,23.400,0
21.600,75.000,13.200,21.900,1
12.000,50.625,8.000,17.100,0
6.600,51.250,10.000,18.000,0
21.000,60.000,11.800,21.600,1
18.600,40.000,15.200,24.000,0
10.800,38.750,15.600,15.300,0
19.200,50.000,16.000,23.700,1
10.200,41.250,14.400,22.500,0
7.200,41.875,16.200,13.800,0
10.200,39.375,15.800,12.900,0
19.800,45.625,11.200,21.300,0
9.000,38.125,14.200,17.400,0
19.200,52.500,8.600,22.200,1
10.800,66.250,13.800,24.000,1
22.800,77.500,8.200,23.400,1
23.400,82.500,10.400,21.000,1
24.000,63.125,14.400,23.100,1
9.000,35.625,9.800,12.900,0
19.200,54.375,14.200,21.000,1
23.400,53.125,12.400,23.400,1
9.000,61.250,14.000,19.800,0
6.600,45.625,12.000,15.000,0
22.800,40.000,15.200,21.000,0
22.800,55.625,14.400,21.900,1
10.800,35.000,12.000,20.100,0
22.800,50.625,8.400,24.000,1
6.000,64.375,8.400,14.700,0
10.800,37.500,10.400,21.600,0
19.200,50.625,13.400,20.700,0
10.200,32.500,13.000,24.000,0
6.600,33.125,14.800,15.000,0
11.400,40.000,9.800,13.500,0
8.400,56.875,12.200,13.200,0
10.200,50.000,15.800,18.600,0
10.800,37.500,15.000,13.800,0
19.200,78.125,14.000,18.600,1
22.200,63.750,9.000,18.900,1
19.200,76.250,11.000,20.400,1
6.600,35.000,13.000,14.100,0
20.400,66.875,9.600,24.000,0
9.600,58.750,11.000,15.900,0
10.200,61.875,13.400,12.900,0
6.000,61.250,13.000,12.000,0
10.800,70.000,15.600,18.300,1
10.800,62.500,13.600,9.000,0
6.000,64.375,8.200,14.700,0
10.200,41.250,14.600,16.500,0
7.200,45.000,14.000,19.500,0
21.000,66.250,9.400,23.400,1
18.600,58.750,16.000,21.300,1
12.000,63.750,9.800,16.800,0
8.400,50.625,14.600,14.400,0
19.200,58.750,12.600,23.400,0
6.600,40.000,11.400,23.700,0
19.800,57.500,9.400,20.100,1
19.200,51.875,11.200,21.600,1
11.400,32.500,15.400,20.100,0
7.200,67.500,8.200,18.600,0
22.800,45.000,11.000,19.800,0
16.800,48.125,12.600,19.200,0
10.200,46.875,11.000,23.700,0
6.600,44.375,13.000,17.100,0
23.400,70.000,11.000,19.200,1
12.000,69.375,16.000,18.300,1
9.600,66.875,8.800,13.800,0
10.800,36.875,13.000,23.400,1
21.600,47.500,13.400,19.500,0
10.200,53.125,8.200,13.500,0
24.000,42.500,11.400,23.700,0
10.200,57.500,8.200,22.200,0
20.400,41.875,12.600,18.000,0
21.000,61.250,15.000,20.400,1
7.200,66.875,12.400,16.200,0
6.000,48.750,11.400,13.500,0
18.000,66.250,13.400,21.900,1
21.600,50.625,13.400,21.000,1
17.400,73.125,10.400,24.600,1
23.400,71.250,9.800,23.700,1
10.200,47.500,15.000,19.800,0
6.600,61.250,9.000,18.000,0
12.000,65.000,12.200,20.700,1
23.400,57.500,11.000,22.800,1
18.600,47.500,10.000,18.600,0
6.000,66.250,8.800,17.400,0
22.200,64.375,16.000,19.200,1
10.200,35.000,14.200,19.500,1
19.800,41.875,14.200,18.900,0
22.800,54.375,9.200,24.000,1
18.000,80.625,14.600,22.200,1
9.600,41.250,13.800,22.500,0
6.000,56.875,10.000,24.000,0
21.000,58.750,8.400,23.700,1
7.200,57.500,15.800,23.100,0
9.600,46.875,11.400,22.800,0
22.800,73.750,10.200,18.000,1
10.800,46.250,10.200,12.000,0
10.800,53.125,11.200,14.700,0
24.000,39.375,12.400,23.400,0
23.400,70.625,11.000,22.500,1
10.200,64.375,8.400,13.500,0
21.600,53.125,11.400,23.100,1
7.200,65.625,10.000,20.100,0
18.600,67.500,9.000,23.700,1
22.200,55.000,10.200,21.300,1
6.600,59.375,11.800,22.500,0
9.000,65.000,9.000,13.500,0
9.000,53.125,12.200,18.600,0
10.800,51.250,8.400,12.000,0
10.800,43.750,9.800,17.400,0
10.200,42.500,10.000,14.100,0
7.200,46.875,12.800,23.700,0
12.000,48.125,10.200,15.900,0
8.400,65.000,16.000,19.200,0
18.600,60.000,9.600,23.100,1
10.200,58.750,10.000,12.600,0
24.000,81.250,8.600,21.600,1
6.600,43.750,13.800,14.100,0
7.800,50.000,9.800,16.800,0
9.600,46.250,8.800,21.600,0
10.200,51.875,13.800,23.100,0
9.000,36.250,15.600,24.000,0
18.600,48.750,14.400,20.100,0
9.000,41.875,13.600,12.900,0
8.400,33.125,14.600,14.400,0
21.600,41.875,11.400,21.000,0
8.400,51.250,11.400,14.100,0
7.800,39.375,9.400,12.300,0
11.400,40.000,11.400,24.000,0
20.400,77.500,11.800,18.900,1
19.800,61.875,9.600,23.400,1
22.200,48.125,15.000,22.200,1
10.200,44.375,11.200,15.000,0
20.400,51.875,16.000,18.000,1
12.000,38.125,10.800,17.700,0
7.800,46.875,14.200,23.700,0
11.400,58.125,14.600,23.700,1
9.000,50.625,12.200,14.100,0
7.200,42.500,9.400,22.500,0
6.000,60.625,8.400,15.600,0
9.000,68.125,15.800,18.600,1
7.800,56.875,9.200,21.600,0
22.200,40.625,10.200,20.400,0
12.000,37.500,12.000,14.700,0
7.800,35.000,12.400,21.000,0
21.000,70.625,15.400,20.700,0
18.000,36.875,10.000,13.200,0
15.600,48.750,16.200,14.400,0
19.800,53.125,9.200,23.400,1
12.000,48.750,10.200,19.800,0
21.000,51.250,8.600,22.200,1
18.600,40.000,11.800,22.200,0
23.400,73.750,13.600,23.100,1
22.200,78.750,13.600,22.200,1
22.800,49.375,14.800,21.600,1
6.600,44.375,16.000,17.400,0
6.000,54.375,10.800,17.700,0
24.000,41.250,10.400,24.000,0
18.600,78.750,15.600,22.800,1
20.400,51.875,13.400,20.100,1
23.400,65.625,9.600,23.400,1
7.200,51.875,9.200,23.100,0
13.800,50.625,13.200,15.000,0
20.400,44.375,9.000,21.000,0
19.200,76.875,8.800,21.900,1
23.400,69.375,11.800,22.800,1
24.000,49.375,14.200,23.700,1
11.400,56.875,12.000,17.100,0
20.400,46.250,13.800,18.600,0
9.600,35.000,15.200,17.700,0
6.000,35.625,14.600,20.100,0
22.800,60.625,14.600,20.100,1
18.600,75.625,8.400,23.100,1
7.200,45.000,9.000,12.300,0
22.200,73.125,11.200,21.900,1
8.400,40.000,15.000,18.600,0
8.400,50.625,16.000,17.400,0
18.600,79.375,9.800,20.700,1
18.000,75.000,15.800,22.500,1
6.000,43.125,10.000,15.300,0
7.800,61.875,14.400,18.600,0
6.600,68.750,14.800,20.400,0
10.200,56.875,15.800,19.500,0
10.200,40.000,14.000,16.800,0
8.400,50.000,15.000,12.600,0
18.600,41.875,11.800,22.200,0
7.800,33.125,14.400,18.600,0
10.200,48.125,15.800,23.100,0
21.600,71.875,13.400,24.000,1
23.400,75.625,14.800,18.000,1
9.600,35.625,10.000,23.400,0
12.000,49.375,9.600,13.800,0
22.800,75.000,12.800,19.500,1
20.400,80.625,15.400,18.900,1
19.200,38.750,8.800,18.600,0
21.600,44.375,10.600,22.200,0
24.000,61.250,9.600,19.500,1
10.200,70.000,11.200,17.100,1
21.600,67.500,14.800,20.100,1
21.600,73.750,11.200,22.500,1
22.800,80.625,13.000,20.700,1
10.200,61.250,10.600,17.700,0
19.800,50.000,12.600,19.200,0
22.200,80.000,15.800,18.900,1
9.600,41.875,12.600,12.900,0
19.200,66.250,12.800,22.200,1
8.400,67.500,13.000,21.000,0
6.000,61.250,9.600,12.900,0
19.200,41.875,14.400,22.800,0
7.800,38.750,15.600,15.900,0
9.000,65.000,10.200,20.400,0
7.800,36.250,12.600,21.600,0
9.600,50.625,9.600,19.800,0
9.600,48.750,13.000,19.500,0
10.200,45.000,13.000,22.200,0
11.400,42.500,13.000,17.100,0
21.000,76.250,15.200,23.400,1
20.400,41.875,8.600,20.100,0
7.200,65.000,12.000,22.800,0
22.200,55.625,12.000,22.500,1
10.800,51.250,15.200,14.100,0
20.400,69.375,11.000,19.200,1
9.000,56.875,10.400,15.300,0
22.200,73.750,15.800,20.700,1
19.200,53.750,13.800,21.000,1
21.000,51.875,10.200,19.500,1
6.600,46.875,15.400,15.300,0
11.400,34.375,13.400,15.600,0
22.200,40.625,8.400,18.300,0
7.200,40.000,13.400,20.100,0
21.000,69.375,11.600,23.100,1
7.800,63.750,14.200,13.500,0
7.800,58.125,12.600,20.400,0
6.600,53.125,15.400,21.300,0
21.600,39.375,8.200,19.800,0
6.000,42.500,10.000,21.300,0
20.400,78.125,9.600,20.100,1
10.200,69.375,11.800,13.800,0
8.400,46.875,9.600,22.500,0
21.600,55.000,13.600,20.400,1
20.400,47.500,15.200,22.800,1
18.000,46.875,13.800,21.600,0
24.000,82.500,15.600,19.500,1
10.800,58.750,15.800,21.000,0
24.000,58.125,10.400,18.900,1
12.000,65.625,10.000,15.600,0
10.800,51.250,14.000,18.900,0
11.400,48.125,9.800,14.400,0
24.000,81.250,15.600,21.300,1
6.000,41.875,13.600,19.800,0
8.400,46.250,15.000,15.000,0
24.000,69.375,8.600,24.000,1
12.000,41.250,11.800,24.000,0
11.400,62.500,14.200,15.900,0
18.000,63.750,14.600,20.100,1
22.800,72.500,12.200,19.500,1
22.200,48.125,11.400,18.900,1
10.800,69.375,15.600,18.000,1
11.400,46.250,8.800,14.700,0
8.400,60.000,15.200,22.500,0
21.000,73.125,15.000,19.800,1
6.600,43.125,15.800,9.900,0
10.800,36.875,15.400,22.800,0
21.000,81.875,14.200,18.900,1
23.400,51.250,12.200,22.800,1
19.800,38.750,14.800,18.600,0
8.400,63.125,11.400,19.500,0
6.600,38.125,13.800,20.700,0
22.200,60.000,11.800,22.500,1
19.200,58.125,13.800,21.900,1
23.400,39.375,12.800,18.900,0
21.600,68.750,11.800,23.700,1
11.400,56.875,14.000,16.200,0
8.400,55.625,12.600,19.500,0
19.800,79.375,15.200,19.500,1
10.800,66.875,12.800,18.900,1
20.400,50.000,12.800,20.100,1
6.000,60.625,10.200,13.800,0
24.000,39.375,15.800,18.900,0
8.400,50.625,9.000,21.900,0
21.000,58.750,12.200,18.300,1
7.200,40.000,11.000,18.300,0
11.400,34.375,11.800,13.500,0
10.800,55.000,13.400,13.200,0
19.800,72.500,9.000,21.600,1
24.000,81.250,10.800,24.000,1
6.600,52.500,12.800,19.200,0
10.200,68.125,13.400,22.200,1
20.400,72.500,12.600,20.100,1
6.000,40.625,15.200,22.200,0
6.600,35.000,10.800,14.400,0
21.600,80.000,12.800,21.900,1
11.400,59.375,15.200,17.100,0
22.200,48.125,14.800,19.500,1
18.000,41.250,16.000,23.400,0
20.400,56.875,10.000,20.700,1
8.400,36.250,8.200,18.600,0
21.000,71.250,9.400,23.400,1
7.200,38.125,10.400,19.800,0
8.400,40.625,8.800,18.000,0
22.800,55.625,11.200,18.900,1
12.000,53.750,14.800,21.300,1
18.000,68.750,8.600,18.000,1
10.200,58.125,16.000,15.300,0
18.600,73.125,14.800,21.900,1
21.000,51.875,9.800,20.400,1
22.200,53.750,9.600,21.300,1
9.600,52.500,13.200,16.200,0
6.600,41.250,9.800,13.800,0
21.600,71.875,8.600,18.600,1
9.000,61.875,14.800,20.700,0
24.000,45.625,8.400,22.800,1
10.800,36.875,12.200,14.700,0
7.200,33.125,9.600,15.600,0
9.600,43.125,9.000,18.900,0
7.200,45.000,9.800,14.400,0
23.400,68.750,13.600,23.700,1
24.000,59.375,14.600,22.200,1
7.800,43.125,10.600,18.300,0
20.400,47.500,12.400,18.000,0
9.000,46.250,15.400,19.800,0
9.600,35.000,8.400,18.300,0
21.600,71.250,15.200,19.500,1
11.400,62.500,9.200,12.300,0
7.800,58.125,14.400,13.200,0
10.200,63.750,12.800,13.500,0
10.800,70.000,9.600,16.500,1
19.200,42.500,10.000,22.500,0
18.000,49.375,14.600,22.500,0
6.000,66.250,13.200,21.600,0
10.200,40.000,9.400,13.800,0
20.400,52.500,9.000,23.400,1
19.200,58.125,10.800,19.200,1
10.800,42.500,12.600,15.300,0
18.000,44.375,15.800,21.000,0
11.400,68.125,9.800,12.900,0
7.800,60.000,14.000,20.100,0
21.600,66.875,14.000,24.000,1
10.200,48.750,8.400,18.600,0
11.400,46.250,8.600,18.300,0
19.800,64.375,16.000,19.200,1
6.000,66.875,9.400,18.300,0
23.400,60.625,11.800,23.100,1
19.800,62.500,14.800,22.200,1
12.600,44.375,15.200,11.100,0
11.400,46.875,13.400,20.700,0
20.400,73.125,10.200,19.800,1
23.400,61.250,11.800,20.700,1
7.800,56.250,8.200,15.300,0
24.000,49.375,10.200,20.700,1
22.200,44.375,14.800,23.700,0
9.600,56.250,11.600,23.100,0
11.400,38.750,8.000,13.800,0
21.600,82.500,11.200,19.200,1
22.800,48.750,8.600,24.000,1
11.400,51.250,15.800,18.300,0
21.000,63.750,11.200,21.900,1
9.000,70.000,15.400,17.100,1
21.600,49.375,15.600,20.400,1
6.000,68.750,13.600,13.200,0
12.000,43.125,13.600,14.100,0
10.800,40.000,14.800,20.100,0
7.800,46.250,11.600,18.300,0
22.800,38.750,12.200,21.900,0
21.600,57.500,9.000,20.700,1
21.000,74.375,12.800,21.900,1
21.600,81.875,13.000,23.400,1
7.200,52.500,9.400,21.600,0
10.200,50.625,8.600,14.700,0
6.000,66.875,11.600,20.400,0
21.000,38.750,9.600,21.300,0
19.200,61.250,8.200,18.000,0
12.000,47.500,15.200,18.000,0
8.400,60.625,14.800,19.500,0
6.000,67.500,13.200,19.500,0
21.600,40.000,10.600,18.000,0
18.000,58.125,8.600,20.400,1
6.600,52.500,12.600,13.800,0
19.800,55.000,16.000,22.200,1
21.000,46.250,10.400,18.000,0
6.000,65.625,8.800,16.200,0
18.000,57.500,12.600,21.900,1
22.200,76.250,12.200,18.000,1
12.000,56.250,13.800,13.800,0
12.000,53.750,14.000,18.600,0
22.800,68.125,13.200,18.900,1
19.800,63.125,11.000,21.000,1
12.000,51.250,11.000,16.800,0
20.400,48.750,11.800,21.000,0
22.200,45.000,15.000,21.300,0
10.200,48.125,8.800,12.000,0
19.800,77.500,11.000,19.500,1
9.000,33.125,14.800,15.300,0
8.400,42.500,8.800,18.300,0
12.000,33.125,15.200,21.900,0
9.000,46.250,8.800,12.600,0
19.800,65.625,12.800,20.700,1
12.000,68.750,13.200,16.500,1
22.200,72.500,15.000,19.500,1
18.000,67.500,8.200,21.600,1
22.800,80.000,13.600,23.400,1
7.200,37.500,9.200,17.700,0
22.200,75.000,13.000,18.900,1
18.600,53.750,14.800,22.800,1
20.400,54.375,10.200,22.500,1
6.000,38.125,9.800,16.500,0
18.600,63.750,12.000,22.200,1
19.800,45.000,10.400,24.000,0
22.200,75.625,10.200,21.900,1
6.000,45.000,15.600,16.200,0
22.200,60.000,9.200,18.300,1
18.600,81.875,12.200,22.500,1
20.400,80.625,11.200,21.300,1
6.600,63.750,9.200,22.200,0
19.800,70.000,10.600,24.000,1
6.000,59.375,13.000,14.100,0
12.000,58.125,9.800,15.900,0
7.200,35.625,10.000,16.800,0
22.200,78.125,13.800,21.000,1
21.000,80.625,10.800,19.500,1
19.200,72.500,13.200,20.400,1
10.200,57.500,9.400,12.300,0
10.200,60.625,15.200,17.400,0
18.600,55.000,9.200,22.500,1
12.000,47.500,13.000,16.800,0
9.000,49.375,11.600,14.100,0
10.800,38.750,15.600,23.700,0
6.000,34.375,8.200,24.000,0
22.200,58.750,10.400,18.600,1
22.800,46.250,10.000,18.000,0
19.200,38.750,14.200,23.700,0
9.600,33.750,15.200,19.800,0
9.000,52.500,15.400,22.200,0
8.400,47.500,13.800,20.100,0
19.800,62.500,8.200,19.500,1
21.600,61.875,15.000,24.000,1
24.000,40.625,10.600,22.200,0
11.400,62.500,9.800,12.900,0
19.200,75.625,10.600,21.900,1
8.400,64.375,8.000,15.000,0
19.200,51.250,12.200,22.800,1
10.800,38.125,10.400,18.000,0
11.400,34.375,9.400,17.700,0
19.800,72.500,12.800,24.000,1
24.000,74.375,14.400,21.600,1
20.400,46.250,15.800,19.200,0
18.000,58.750,13.600,21.900,1
18.000,61.250,14.400,18.600,1
18.000,49.375,8.200,21.600,0
24.000,44.375,9.200,19.800,0
9.000,40.625,13.600,12.900,0
22.800,77.500,8.200,18.000,1
6.600,36.875,11.400,19.200,0
22.200,76.250,10.200,18.300,1
11.400,54.375,10.000,21.600,0
9.600,66.875,10.600,21.900,1
19.200,56.250,13.200,21.300,1
19.800,43.125,12.600,23.700,0
20.400,46.250,12.800,21.600,0
21.000,71.875,8.600,24.000,1
7.800,55.625,8.600,21.300,0
24.000,46.250,11.600,20.700,1
19.800,73.125,13.200,20.700,1
7.200,69.375,13.800,22.800,1
10.200,32.500,14.200,21.000,0
9.000,65.000,13.200,13.500,0
6.600,64.375,16.000,14.700,0
22.800,61.250,12.200,21.900,1
6.000,66.250,11.600,15.600,0
11.400,45.000,15.600,17.700,0
8.400,69.375,9.200,12.000,0
9.600,60.625,16.000,23.400,1
22.800,66.875,8.200,22.800,1
6.600,45.000,11.600,13.500,0
9.000,45.625,11.200,20.700,0
10.200,56.250,10.600,21.600,0
10.200,48.125,14.800,15.900,0
8.400,51.250,9.400,23.100,0
19.800,41.250,16.000,22.200,0
23.400,73.750,13.000,24.000,1
8.400,50.000,8.200,23.400,0
9.600,35.000,8.600,20.400,0
22.200,60.625,10.000,21.600,1
9.000,48.125,10.400,23.700,0
8.400,45.625,10.200,12.300,0
24.000,61.250,16.000,21.600,1
22.200,61.250,13.400,19.200,1
23.400,58.125,9.600,19.800,1
10.800,50.000,12.800,18.000,0
24.000,52.500,14.200,19.200,1
23.400,46.875,12.200,20.100,1
7.200,39.375,13.600,20.400,0
7.200,61.875,14.200,15.600,0
18.000,75.000,14.600,21.300,1
6.600,65.625,15.600,22.200,0
6.600,53.125,11.600,16.200,0
7.200,34.375,8.200,15.000,0
22.800,73.125,10.600,20.100,1
19.800,77.500,12.000,18.600,1
6.600,53.125,13.600,14.700,0
10.800,64.375,14.200,14.700,0
21.000,40.000,9.400,19.200,0
20.400,60.000,9.600,23.100,1
21.000,38.750,11.600,22.200,0
6.600,47.500,11.600,12.000,0
8.400,52.500,14.600,23.100,0
19.200,72.500,13.000,24.000,1
21.000,66.250,14.000,18.900,1
20.400,64.375,14.800,18.000,1
18.000,40.625,14.400,21.900,0
22.800,80.625,8.000,22.500,1
8.400,54.375,12.400,16.800,0
9.000,51.250,13.200,15.900,0
18.000,73.750,9.200,22.800,1
8.400,49.375,10.800,16.500,0
7.800,60.625,13.200,23.100,0
12.000,35.000,12.600,13.800,0
23.400,81.250,15.000,22.800,1
21.000,60.625,13.200,20.400,1
7.800,45.000,9.400,12.900,0
10.800,55.000,15.200,18.300,0
24.000,80.000,12.800,21.300,1
22.200,56.250,13.400,19.500,1
12.000,63.125,12.400,23.100,1
22.800,68.125,13.600,20.700,1
21.000,77.500,10.800,21.000,1
10.200,57.500,14.200,13.500,0
12.000,35.000,11.600,20.100,0
21.000,45.000,11.600,23.700,0
6.600,63.125,14.800,16.200,0
21.600,80.000,13.200,20.700,1
9.600,55.625,13.000,17.700,0
18.600,68.125,12.200,18.000,1
19.800,46.250,13.000,18.000,0
19.800,55.625,8.800,21.600,1
21.000,67.500,12.800,20.400,1
22.800,50.625,11.600,18.300,1
19.800,66.250,11.400,18.900,1
12.000,41.250,8.200,20.100,0
10.200,35.000,10.800,20.700,0
7.800,54.375,14.600,12.300,0
18.000,82.500,8.800,18.300,1
9.000,66.250,11.800,13.200,0
9.000,64.375,11.200,17.700,0
22.200,70.000,10.600,23.100,1
9.000,54.375,11.200,12.300,0
18.000,67.500,12.800,23.100,1
23.400,59.375,15.600,18.300,1
17.400,41.250,10.200,12.600,0
11.400,58.750,15.000,12.600,0
19.800,58.750,10.800,18.900,1
6.000,49.375,11.800,22.800,0
12.000,57.500,14.600,12.300,0
22.800,63.125,11.000,20.100,1
18.600,57.500,16.000,24.000,1
10.800,65.000,12.200,14.100,0
12.000,51.250,13.800,12.600,0
10.800,47.500,13.200,15.900,0
22.200,49.375,12.800,18.600,1
18.600,82.500,15.200,24.000,1
12.000,38.125,12.400,16.200,0
10.200,59.375,12.600,15.900,0
7.200,69.375,9.000,12.300,0
8.400,46.875,11.400,15.900,0
9.600,57.500,11.200,21.900,0
23.400,68.125,12.400,19.500,1
8.400,64.375,11.000,12.900,0
21.000,63.125,14.400,18.600,1
22.200,61.875,10.400,21.300,1
7.800,39.375,8.200,12.000,0
19.800,47.500,13.800,18.000,0
7.800,40.625,8.800,13.800,0
10.800,55.625,10.800,13.500,0
18.600,38.750,9.000,18.000,0
19.200,55.625,15.600,18.900,0
19.200,71.250,13.000,18.600,1
18.000,73.750,13.800,21.000,1
21.600,62.500,11.600,21.900,1
21.000,51.250,10.200,24.000,1
22.200,73.125,14.600,22.500,1
7.800,63.750,13.000,12.900,0
7.200,38.125,8.000,15.900,0
22.200,39.375,13.000,18.900,0
10.800,63.125,9.600,21.300,0
7.800,43.125,14.200,15.300,0
7.200,63.125,14.600,22.200,0
22.800,57.500,9.200,24.000,1
21.000,76.250,10.600,21.300,1
7.200,46.250,15.600,15.000,0
19.800,54.375,12.000,18.300,1
22.200,47.500,12.800,18.300,1
6.600,51.250,12.000,16.500,0
22.200,39.375,14.200,20.100,0
9.000,45.625,9.200,22.500,0
6.600,47.500,13.200,18.900,0
21.000,62.500,9.800,24.000,1
6.000,43.750,9.800,19.500,0
18.600,47.500,15.200,18.300,0
19.200,53.125,10.200,24.000,1
19.800,60.625,9.600,24.000,1
11.400,68.125,8.600,21.300,1
7.200,43.750,9.600,19.200,0
18.000,55.625,8.000,18.600,1
10.200,39.375,12.200,23.700,0
21.600,50.000,14.000,23.700,1
10.800,51.875,13.600,16.200,0
15.600,42.500,12.400,19.800,0
20.400,42.500,15.400,19.800,0
19.200,62.500,9.600,23.100,1
12.000,70.000,8.200,13.200,1
18.000,81.250,13.400,21.600,1
19.800,60.625,12.200,18.600,0
7.200,35.625,12.200,16.500,0
7.200,49.375,9.600,17.700,0
19.200,57.500,8.400,21.600,1
18.000,38.750,10.000,19.800,0
10.800,58.750,13.600,23.700,1
12.000,58.125,13.800,21.600,0
23.400,75.000,14.600,18.900,1
7.800,46.875,12.400,19.500,0
18.600,39.375,11.400,19.800,0
12.000,69.375,14.000,20.100,1
22.200,70.000,10.200,20.700,1
18.000,69.375,14.600,20.700,1
9.000,44.375,15.200,13.800,0
10.800,46.875,8.800,22.500,0
6.000,66.250,10.200,21.000,0
23.400,46.250,12.200,22.200,1
21.000,51.875,14.600,21.000,1
22.200,65.625,8.400,22.800,1
12.000,35.625,9.200,17.400,0
18.600,55.000,11.400,20.700,1
22.800,49.375,14.200,18.600,1
21.000,45.000,13.600,21.600,0
21.600,47.500,13.800,20.700,1
22.200,64.375,12.400,21.900,1
19.200,48.750,9.200,23.700,1
11.400,59.375,14.200,23.400,1
8.400,34.375,9.200,15.900,0
9.600,53.125,13.200,17.100,0
8.400,63.750,16.000,18.900,0
21.000,72.500,14.600,23.700,1
9.000,48.125,8.400,12.000,0
20.400,52.500,15.800,21.900,1
12.000,50.000,16.000,18.000,0
10.800,61.875,10.200,14.400,0
24.000,78.125,10.800,18.300,1
21.600,74.375,11.200,18.300,1
9.000,41.250,11.600,15.900,0
18.000,60.000,12.000,20.700,0
10.800,51.250,10.200,22.200,0
21.600,73.125,11.400,20.400,1
6.600,51.250,9.000,21.300,0
9.000,55.000,10.800,21.600,0
18.600,71.250,11.600,19.800,1
22.200,45.625,14.000,21.000,0
6.600,43.125,8.000,18.300,0
21.600,53.125,11.400,22.200,1
24.000,80.000,11.000,20.100,1
23.400,60.000,11.400,18.000,1
18.000,79.375,10.000,23.700,1
6.600,32.500,11.600,13.800,0
23.400,76.875,14.800,18.600,1
10.200,49.375,11.400,17.700,0
21.000,49.375,11.000,19.500,1
10.200,66.250,12.800,22.800,1
22.800,50.000,12.400,18.900,1
22.200,60.000,15.400,23.700,1
22.200,45.625,14.800,22.500,0
22.800,73.125,10.800,19.800,1
7.200,36.875,15.200,17.700,0
21.600,48.125,10.400,22.800,1
21.000,51.875,16.000,18.900,1
22.800,46.875,11.200,18.000,1
18.000,42.500,12.600,20.100,0
18.600,45.625,9.400,20.100,0
6.000,68.750,14.800,13.500,0
18.000,72.500,12.400,20.100,1
11.400,34.375,15.200,16.800,0
21.600,79.375,10.000,21.900,1
12.000,62.500,13.600,15.900,0
9.000,68.750,14.800,15.300,1
18.000,43.125,11.000,19.200,0
9.600,46.875,10.600,18.600,0
19.800,50.625,13.600,19.200,1
19.800,61.875,10.200,21.900,1
9.000,50.000,12.400,12.300,0
11.400,50.625,10.200,14.400,0
15.600,57.500,18.000,19.800,0
8.400,68.125,15.200,14.100,0
19.800,63.125,11.200,21.000,1
22.200,50.000,14.200,23.700,1
22.800,71.250,10.400,20.700,1
9.600,67.500,11.200,24.000,1
11.400,46.250,12.800,17.100,0
7.200,50.000,8.200,22.800,0
22.800,40.000,8.800,19.500,0
8.400,54.375,9.000,21.600,0
8.400,56.250,14.000,20.700,0
22.200,78.125,12.800,19.200,1
10.200,33.125,10.400,18.300,0
19.200,73.125,12.600,24.000,1
18.000,80.625,15.600,21.600,1
21.000,76.875,11.800,23.700,1
10.200,34.375,12.800,12.900,0
22.200,39.375,15.400,18.300,0
21.600,77.500,9.400,24.000,1
11.400,65.000,11.600,22.800,1
22.200,63.750,8.400,21.000,1
7.200,62.500,12.200,21.300,0
22.200,70.000,15.800,23.700,0
23.400,50.625,11.200,22.200,1
6.000,38.125,9.600,20.700,0
18.000,79.375,15.400,20.700,1
6.600,49.375,12.200,20.100,0
24.000,66.250,14.800,23.400,1
21.600,53.125,11.800,22.200,1
6.000,38.750,8.200,14.700,0
6.000,61.875,15.000,15.300,0
9.600,35.000,14.400,21.000,0
11.400,43.750,15.400,24.000,0
20.400,76.875,14.600,18.000,1
7.800,47.500,8.200,23.100,0
9.000,58.750,10.400,18.000,0
20.400,44.375,12.800,23.400,0
18.000,53.750,15.400,19.500,0
23.400,43.750,11.800,20.700,0
10.800,38.750,9.400,18.000,0
9.600,37.500,13.400,16.200,0
20.400,66.875,8.800,23.400,1
23.400,58.125,15.800,23.700,1
20.400,81.250,14.000,23.400,1
9.600,47.500,8.800,14.400,0
24.000,40.000,10.800,21.000,0
21.600,57.500,14.600,24.000,1
9.600,54.375,15.400,22.200,0
20.400,38.750,11.800,18.000,0
9.600,50.625,13.400,15.600,0
21.000,65.625,13.600,23.700,1
10.800,40.000,9.800,24.000,0
14.400,33.125,16.600,19.500,0
20.400,56.875,8.600,20.400,1
9.000,38.750,8.400,13.800,0
19.800,50.000,10.600,20.100,0
11.400,61.250,12.800,23.100,1
20.400,77.500,8.800,18.900,1
7.800,49.375,8.200,24.000,0
6.600,49.375,14.200,18.600,0
11.400,61.250,10.800,15.600,0
7.800,39.375,12.200,12.600,0
21.600,73.750,11.400,22.500,1
7.800,40.000,8.000,20.700,0
22.800,66.875,12.800,24.000,1
9.600,52.500,15.000,22.500,0
6.600,56.875,11.400,20.100,0
22.200,64.375,15.400,18.900,1
9.600,63.750,9.200,15.000,0
7.200,56.250,15.400,18.600,0
11.400,56.250,14.400,22.200,1
20.400,79.375,11.800,19.500,1
22.200,39.375,9.800,21.900,0
11.400,38.750,9.200,21.900,0
20.400,72.500,15.400,23.100,1
7.800,44.375,10.000,16.200,0
6.600,49.375,9.400,22.200,0
10.200,65.000,12.000,19.500,0
6.600,44.375,14.400,15.300,0
10.200,68.750,16.000,14.700,1
9.600,68.125,16.000,18.000,1
10.200,50.625,15.000,14.400,0
12.000,45.625,11.200,12.600,0
7.800,34.375,14.400,12.300,0
21.000,49.375,10.400,21.300,1
9.000,53.750,16.000,13.800,0
19.800,67.500,14.000,21.300,1
6.000,40.000,12.200,20.100,0
22.200,81.250,16.000,22.500,1
18.000,68.750,13.600,22.200,1
21.600,52.500,15.200,23.700,1
6.000,63.125,11.200,18.900,0
19.800,65.625,12.400,23.100,1
7.800,50.000,12.600,22.200,0
20.400,66.250,15.400,18.900,1
6.000,46.875,15.200,17.100,0
9.600,65.000,16.000,20.700,1
7.200,39.375,15.200,22.800,0
7.200,69.375,8.800,23.400,1
9.000,43.125,14.400,14.400,0
11.400,43.750,10.600,22.800,0
9.600,58.125,10.800,14.100,0
22.200,39.375,15.400,21.600,0
21.000,71.875,11.200,19.800,1
21.600,50.000,8.200,23.700,1
22.800,78.125,14.800,20.100,1
22.800,70.625,13.000,19.800,1
22.200,39.375,11.600,19.200,0
18.000,43.125,11.400,21.600,0
18.600,75.625,9.200,23.400,1
6.000,65.000,15.600,19.200,0
12.000,51.875,8.600,18.300,0
9.600,45.000,14.000,22.200,0
7.200,57.500,10.800,18.000,0
18.000,68.750,12.200,19.200,1
6.600,60.000,12.800,22.500,0
19.800,40.000,14.800,23.100,0
20.400,46.875,13.800,20.700,0
20.400,82.500,8.800,24.000,1
19.800,76.875,15.800,23.700,1
19.200,72.500,14.000,20.400,1
8.400,60.625,8.200,20.400,0
6.000,44.375,11.800,24.000,0
18.000,67.500,9.200,19.800,1
21.600,60.625,13.200,20.100,1
10.800,68.750,11.600,17.100,1
18.000,50.625,14.200,20.700,0
9.000,47.500,8.200,20.700,0
18.600,58.125,15.200,18.600,1
7.800,34.375,15.600,18.900,0
23.400,78.125,9.400,22.500,1
6.600,69.375,14.200,21.300,1
19.200,69.375,11.000,18.000,1
6.600,41.250,14.800,13.200,0
9.000,33.750,12.600,12.300,1
23.400,51.250,9.400,21.900,1
21.000,39.375,12.800,18.900,0
22.200,40.000,13.200,21.600,0
23.400,76.250,11.200,21.600,1
7.800,41.875,8.400,13.800,0
10.800,35.625,12.600,16.800,0
18.000,81.250,8.400,19.200,1
20.400,70.625,12.400,18.300,1
21.600,74.375,11.600,23.400,1
7.800,66.250,13.600,15.300,0
22.200,76.875,13.800,20.400,1
6.000,46.250,13.800,20.100,0
9.600,61.250,15.400,23.400,1
20.400,70.000,15.800,19.500,1
6.000,38.750,14.000,15.300,0
8.400,51.250,11.000,24.000,0
9.000,35.625,15.600,17.400,0
10.200,44.375,10.200,21.900,0
18.600,57.500,13.400,22.800,1
6.600,50.000,15.200,12.900,0
22.200,79.375,13.200,21.300,1
22.200,49.375,9.600,23.700,1
21.000,40.000,15.200,21.300,0
7.800,59.375,8.800,16.200,0
6.600,40.000,12.400,23.100,0
19.200,78.750,8.400,21.900,1
7.800,46.250,11.600,23.100,0
6.000,62.500,8.200,21.000,0
16.200,60.000,13.000,11.100,0
10.200,33.750,10.200,19.500,0
22.200,64.375,15.600,19.500,1
10.800,38.125,13.400,21.000,1
10.200,60.625,10.400,18.000,0
6.000,55.625,11.800,23.700,0
7.800,66.250,9.400,13.200,0
7.200,63.750,14.400,22.500,0
22.800,75.000,13.200,21.000,1
21.600,61.250,13.200,18.300,1
11.400,55.000,14.600,14.400,0
8.400,69.375,14.400,15.600,1
18.000,46.875,14.400,21.900,0
19.200,42.500,13.600,22.800,0
6.000,50.625,13.000,19.200,0
21.600,40.000,9.200,22.200,0
22.200,53.125,13.000,20.100,1
11.400,45.625,8.800,12.600,0
9.600,38.125,15.800,16.500,0
7.800,41.875,14.200,18.000,0
6.600,38.125,14.800,16.800,0
18.000,44.375,9.400,21.600,0
22.800,49.375,11.600,21.600,1
23.400,50.625,10.400,19.200,1
21.600,67.500,8.000,20.400,1
9.600,46.250,14.400,14.100,0
19.800,59.375,13.600,21.600,1
20.400,62.500,11.200,22.800,1
6.000,38.125,8.000,15.600,0
20.400,52.500,14.800,22.500,1
24.000,66.250,16.000,23.400,1
